Wertpapier,Gewichtung,Annualisierte Rendite,Annualisierte Volatilität,Renditebeitrag,Risikobeitrag
SPY,0.25,0.15471402297954182,0.1803825774190173,0.038678505744885454,0.0015489956678695382
TLT,0.25,0.0045010942052671294,0.1500007852430979,0.0011252735513167824,0.001366697079297571
GLD,0.25,0.1469480784949649,0.1474778596884533,0.03673701962374123,0.0016146132750424777
SHY,0.25,0.016733644288756146,0.015570573084446926,0.004183411072189037,0.00012016485689947522
