Wertpapier,Gewichtung,Annualisierte Rendite,Annualisierte Volatilität,Renditebeitrag,Risikobeitrag
SPY,0.6,0.15471403300241443,0.18038243081594324,0.09282841980144865,0.006694407479823731
AGG,0.4,0.02069350505217517,0.05370576060576513,0.00827740202087007,0.0004047180583695977
