Wertpapier,Gewichtung,Annualisierte Rendite,Annualisierte Volatilität,Renditebeitrag,Risikobeitrag
SPY,0.6,0.15471402591914812,0.1803824939402418,0.09282841555148887,0.0066944101938063855
AGG,0.4,0.020693502163444386,0.05370570584340821,0.008277400865377755,0.00040471814416375123
