Wertpapier,Gewichtung,Annualisierte Rendite,Annualisierte Volatilität,Renditebeitrag,Risikobeitrag
TLT,0.4,0.0334314259048309,0.15071494250368755,0.01337257036193236,0.002602380649294842
SPY,0.3,0.14772567095532646,0.17155138191154395,0.044317701286597934,0.0015133446255045304
IEF,0.15,0.02361189496458727,0.0660308865635298,0.00354178424468809,0.0004184460370657873
GLD,0.075,0.0806495366656986,0.15728894190103812,0.006048715249927395,0.0003185638703498277
DBC,0.075,0.015336977173051743,0.16942681065496365,0.0011502732879788806,0.00021728467809316486
